,Train,Val,Metric
0,0.7975520019449703,0.8447154,0.6967130841177022
1,0.7714579591553196,0.8540457,0.7027898626142065
