,Train,Val,Metric
0,0.9984133464661237,0.99999976,0.6589411886785748
1,0.9999993783966947,0.99999976,0.6589460148635238
